产品名称,关键词1,关键词2,关键词3,关键词4,关键词5,关键词6
后备箱垫+椅背垫+脚垫,"floor
front & 2nd row liners
front row liner
second row liner
third row liner
3 row liner","cargo
trunk","backrest
seat back
seats back
dog seat liner","liner
mats
mat",,
后备箱垫+脚垫,"floor
front & 2nd row liners
front row liner
second row liner
third row liner
3 row liner","cargo
trunk","liner
mats
mat",,,
椅背垫+脚垫,"floor
front & 2nd row liners
front row liner
second row liner
third row liner
3 row liner","backrest
seat back
seats back
dog seat liner","liner
mats
mat",,,
后备箱垫+椅背垫,"cargo
trunk","backrest
seat back
seats back
dog seat liner","liner
mats
mat",,,
后备箱两侧垫,"cargo
trunk",sidewall,"protector
liner
mats
mat",,,
遮物帘,"cargo cover
security shield shade
security shade cover shield",,,,,
后备箱挂钩,"trunk grocery bag hooks
trunk hook
trunk hooks",,,,,
脚垫单品,"floor
front & 2nd row liners
front row liner
second row liner
third row liner
3 row liner","liner
mats
mat",,,,
椅背垫单品,"backrest
seat back
seats back
dog seat liner","liner
mats
mat",,,,
后备箱垫单品,"cargo
trunk","liner
mats
mat",,,,
后排过桥水杯座,rear,dual,cup holder,,,
车顶遮阳,"roof
top","sunshade
sun shade",,,,
挡泥板,mud flaps,mud flap,,,,
遮阳挡,"windshield
window
windows","sunshade
shades
sun shade
sun visor
sunshades",,,,
阅读灯/内顶灯,"Front
Rear
Interior","ceiling lights
ceiling light
reading lights
dome lights
dome light
roof map light",,,,
仪表台储物垫,"dash
dashboard","pad
cover
mat
mats
Storage
Tray
Organizer",,,,
扶手箱储物盒,center,(not)side,"console
armrest","storage box
organizer
tray",,
手套箱隔板,glove box,"dividers
organizer
partition",,,,
车门拓展储物盒,"side door
door side
door handle","pocket
pockets
organizer",,,,
扶手箱套,"armrest cover
armrest cushion
armrest pad",,,,,
吊舱音响外壳,speaker pods,,,,,
后护板,"trunk bumper sill
tailgate sill
trunk sill
trunk door sill
rear bumper protector",,,,,
雾灯,"fog light
fog lights
fog bumper lamps
fog lamps",,,,,
尾门折叠工作台,"rear door
tailgate",table,,,,
软顶窗户收纳包,soft top,window storage bag,,,,
侧裙边,"pinch weld covers
pinch weld cover",,,,,
中网小黄灯,"grille lamps
grille light
grille lights",,,,,
行李架,"roof racks
roof rack
cross bars
cross bar",,,,,
中控无线充电板,"wireless charging
wireless charger
wireless chargers","pad
tray",,,,
岩轨踏板,"Running Boards
Side Step
Side Steps
Nerf bars
Nerf Bar
Step Bars
Rock Rails",,,,,
中控侧挂盒,Side Storage,"Center Console
Shifter Box","Tray
pocket
pockets
organizer",,,
尾灯,"Tail Lights
Tail Light
Rear Lamps
Brake Light
Brake Lights",,,,,
硬顶收纳包,"Hard Top
Hardtop
Roof Panel",Storage Bag,,,,
机盖液压杆,"Hood
Bonnet","Lift Supports
Struts
Support Kit
Support Bar",,,,
车衣,Car Cover,,,,,
管门,"Tube Door
Tube Doors
Tubular Doors
Half Doors",,,,,
绞盘架,Winch,"Bracket
Plate",,,,
小牛栏,"Bull Bar
Front Bumper
Grille Guard
Brush Guard",,,,,
后备箱侧沿护板,"Cargo
Trunk
Tub Rail","Side Covers
Side Cover
Side Protector
Edge Protector",,,,
拖车挂钩+孔塞,Hitch,,,,,
变速箱下护板,"Transmission
Chassic
Gearbox","Skid Plate
Splash Shield
Guard",,,,
仪表台支架,"Dash
Dashboard","Holder
Mount
Bracket",,,,
外置门槛条,"Door Edge Guards
Door Sill
Door sill 
Door Entry",,,,,
保险盒防水盖,"Fuse Box Cover
Fuse Box Holder
Wire Harness Organizer
Fuse Block
Fuse Panel Covers",,,,,
休息踏板,"Foot Rest
Brake Pedal
Pedal Covers
Gas Pedal",,,,,
脚窝灯,Footwell,"Lighting
Light
Lights",,,,
雪挡,"Snow Cover
Snow Covers",,,,,
